title,cleaned_title
Senior Finance Manager,Finance
E&M Tunnel Manager,Tunnel
"Senior Executive, Accounts Receivable",Executive Accounts Receivable
ENGINEERING OPERATIONS EXECUTIVE,Engineering Operations Executive
Deputy Head of Home (PSCFH),Deputy Head Home
Senior Occupational Therapist | Full AHPC Reg | Special Education | Siglap - 4769,Occupational Therapist
ASSISTANT COOK,Cook
Manager / Assistant Marketing Manager #HTY,Marketing
Application Support Engineer,Application Support
Accounts Executive  ( able to start work within short notice),Accounts Executive
Assistant Restaurant Manager,Restaurant
Cloud Support Engineer,Cloud Support
Java Developer,Java
8890- Senior Marketing & Ecommerce Executive [Electrical Industry],8890
Pharmacy Technician [3770],Pharmacy Technician
Tipper Truck Driver,Tipper Truck Driver
Assistant Marketing Manager,Marketing
Class 4 bus driver,Class Bus Driver
Electrical Drafter,Electrical Drafter
AR Finance Assistant/ Account assistant / AR/ Accounts Receivable / Junior /Senior / Redhill MRT,Finance Account Accounts Receivable Redhill Mrt
Sales Support Specialist,Sales Support
HR Executive (Talent Acquisition & Training),Executive
Community Specialist,Community
Senior/ Software Engineer (Java),Software
Part-Time Bakery Assistant (Afternoons),Part
Admin Assistant (Travel Arrangement/Insurance),Admin
"Project Manager/Business Analyst, Data Protection Program",Project Data Protection Program
Chef De Partie,Chef Partie
BEAUTICIAN,Beautician
Recruitment Executive,Recruitment Executive
Application Engineer (IT Solutions),Application
Information Technology Assistant #18900,Information Technology
"Customer Service Assistant (4-months contract, East)",Customer Service
BEAUTICIAN,Beautician
Accountant,Accountant
Building Engineer (For Hosp),Building
EXECUTIVE,Executive
Accounts Executive (Budget / Report) / Manufacturing MNC/ North (No experience required),Accounts Executive Manufacturing North
"IT Engineer (Web Development, East, up to $4,500)",IT Engineer 
Site Engineer,Site
Production Technician (Day & Night shifts rotation) F&B MNC / 1 Year Contract / North,Production Technician Mnc Year North
6154 - Field Engineer [ Building Automations / Electrical / Up to $4500 ],6154
"Manager, Communications, Asia Pacific",Communications Asia Pacific
Executive Search Consultant,Executive Search
"Lorry Driver (Senoko, Class 3/4, up to $2,400)",Lorry Driver
Marketing & Communication Executive,Marketing Communication Executive
Supply Chain Executive,Supply Chain Executive
"Customer Engineering Manager, Data Analytics, Google Cloud - Singapore",Customer Engineering Data Analytics Google Cloud
"Content Marketing Manager, APAC (semiconductor/manufacturing)",Content Marketing Apac
OPERATION MANAGER,Operation
Admin & HR Executive,Admin Executive
HR & Accounts Executive,Accounts Executive
HR and Admin Assistant,And Admin
"Head of Investor Relations, JLABS Singapore",Head Investor Relations Jlabs Singapore
Assistant Chef,Chef
Logistics Executive (5 Days / Jurong Island / Transport Provided),Logistics Executive
Admin/Purchaser,Admin/Purchaser
CNC Turning Machinist (Tuas),Cnc Turning Machinist
Enrichment Instructor (LEGO Experience Preferred) [Up to $2800 | 5.5 days] JNM,Enrichment Instructor
PM Planner,Planner
Warehouse Assistant,Warehouse
Quantity Surveyor,Quantity Surveyor
Customer Service Associate,Customer Service Associate
EUC Engineer L2,Euc
Lead Software Engineer (Java),Lead Software
Marketing Executive [FMCG/Woodlands] - 2323,Marketing Executive
4301- Admin [Documentation | Administration],4301
Quantity Surveyor,Quantity Surveyor
Entry Level Accounts Assistant (Changi) - IG7,Accounts
Chef De Partie (Sauce & Paste) - Senoko,Chef Partie
Iron Ore Swap Trader,Iron Ore Swap Trader
SYSTEMS ENGINEER,Systems
Inside Sales Intern/ Trainee,Inside Sales Trainee
Warehouse Assistant,Warehouse
Environmental Control Manager - 5 days work wk,Environmental Control
Asia Pacific Regional Marketing Specialisat,Asia Pacific Regional Marketing Specialisat
Architectural Coordinator - AutoCAD/Revit,Architectural
Admin Executive,Admin Executive
ION Platform Specialist,Ion Platform
Telemarketer (Insurance) | Basic + Comms,Telemarketer
"Pharmacy Technician (Islandwide, Office Hours) #HHM",Pharmacy Technician
Retails Pharmacist ,Retails Pharmacist
"AG59- Tender Project Executive [ Bedding Industry | Up to 5,000 | Government Tender Experience]",AG59
Retail Assistant | Telecomunication - YK,Retail
ADMINISTRATIVE EXECUTIVE  (CONSTRUCTION SITE),Administrative Executive
Delivery Executive,Delivery Executive
"Country Manager, South-East Asia & Korea",Country South
Supervisor,Supervisor
GEAR Crew - Senior Product Manager,Gear Crew
Preschool Principal (International Preschool/Farrer Park) - Up to $6000,Preschool Principal
HR Operation Manager - West / HR Infrastructure / Manufacturing Industry / (Payroll / Operation / Recruitment),Operation
Helpdesk Engineer,Helpdesk
Tiong Bahru School Security Officer - 5.5 days Sunday OFF!,Tiong Bahru School Security Officer
SENIOR COOK,Cook
Conference Manager,Conference
Senior Producer,Producer
Contract Call Centre Assistant ( 5.5days) #HTY,Call Centre
Lecturer/Senior Lecturer in the General Humanities (two- to three-year renewable position),Lecturer The General Humanities Two
IT Infrastructure Engineer,Infrastructure
Admin / Bookkeeper,Admin Bookkeeper
FOOT REFLEXOLOGIST,Foot Reflexologist
Community / Engagement Executive,Community Engagement Executive
Associate Principal Embedded Software Engineer,Associate Principal Embedded Software
management trainee,Management Trainee
Android Engineer - Intelligent Video Creation,Android
"Engineer, IT (TV & Radio Playout Support)","Engineer, IT "
Shopping Mall Customer Service Officer (Central//Basic up $3000) - 070,Shopping Mall Customer Service Officer
CHEF,Chef
Mailroom Team Lead [5 days/ Raffles] (JQ),Mailroom Team Lead Raffles
"Delivery cum Store Assistant (Automobile Parts & Accessories) ‚Äì Up to $3,000 - NO EXP REQ, ALL WELCOME!",Delivery Cum Store
Receptionist cum Admin Assistant,Receptionist Cum Admin
Junior Marketing & Design Support,Marketing Design Support
Site Reliability Engineer,Site Reliability
Project Coordinator,Project
Security Officer,Security Officer
"Solutions and Sales Specialists Lead, Google Cloud - Singapore",Solutions And Sales Specialists Lead Google Cloud
Production Engineering Engineer (Quality Improvement) (ID3257),Production Engineering
Senior Sales Executive (Manufacturing / Industrial Sales),Sales Executive
Senior Accounts Executive,Accounts Executive
PE & CCA Lead,Cca Lead
Waiter and Waitress Service Crew,Waiter And Waitress Service Crew
Driver Cum Storeman,Driver Cum Storeman
Customer Service Agent #HHLT,Customer Service Agent
Customer Service Executive / Environmental MNC / West,Customer Service Executive Environmental Mnc West
Tiong Bahru Bakery - Captain - 05 DAYS WORK WEEK : FULL TRAINING WILL BE PROVIDED,Tiong Bahru Bakery
English Tutor,English Tutor
Human Resource Executive - Healthcare [3770],Human Resource Executive
Lecturer for Diploma Programme,Lecturer For Diploma Programme
Electrical and Control Design Engineer [5 days| Woodlands| PLC programming] 2894,Electrical And Control Design Days
QAQC Inspector,Qaqc Inspector
Claims Associate @ Ang Mo Kio - Up to $2600,Claims Associate Ang Kio
MANAGER,MANAGER
Sales Manager,Sales
Grinding Technician #64856,Grinding Technician
"Engineer, QEHS",Qehs
Financial Advisor #SGUnitedJobs,Financial Advisor
Telemarketer Intern,Telemarketer Intern
HSSEQ Executive #66120,Hsseq Executive
SUPERVISOR,Supervisor
Manufacturing Engineer / West / Manufacturing Industry,Manufacturing West Manufacturing Industry
Customer Service Specialist| Business Banking up to $4K,Customer Service
SAP FICO Consultant,Sap Fico
Strategic Planning Executive,Strategic Planning Executive
Investment Analyst (Real Estate),Investment
LNG Trader (Oil & Gas¬†MNC),Lng Trader
HR Consultant @ East / No Exp / Vibrant Team + Massive Growth,East Exp Vibrant Team Massive Growth
Business Analyst,Business
Project Manager | Elevator Installation| Woodlands - 4769,Project
Business Development Manager,Business Development
QA Manager (ISO 13485) / North,North
Accounting Executive (Tax),Accounting Executive
Commis Chef,Commis Chef
Senior Cost Controller,Cost Controller
ADMIN EXECUTIVE (PANDAN LOOP),Admin Executive
Part Time F&B Server,Server
Candidate Manager / Recruitment Consultant ,Candidate Recruitment
Part Time Trolley Service Assistant,Trolley Service
HR Admin Executive,Admin Executive
Inside Sales (Building Materials),Inside Sales
Medical Sales Representative ( Entry Level )  #HVY,Medical Sales Representative
Admin,Admin
Purchasing Executive (Marine/Shipping),Purchasing Executive
Site IT Support Engineer,Site Support
HR Executive (Senior/Junior),Executive
Senior Desktop Engineer,Desktop
Senior Security Officer @ Buona Vista Office (near MRT) Perm/Relief. Day/Night,Security Officer Buona Vista Office
Infant Educarer,Infant Educarer
SENIOR COOK,Cook
Secondary Physics / Chemistry  Teachers ( Jan 2025 intake / Tampines Campus / IGCSE & A LEVEL),Secondary Physics Chemistry Teachers
"Senior / Executive, Operations (Food Production) ",Executive Operations
Cost Accountant / Manufacturing MNC /East,Cost Accountant Manufacturing Mnc
"2419 - HR Generalist [ Changi North // 5 Days // $3,800 ]",2419
Lead Infrastructure Engineer,Lead Infrastructure
DEPOT MANAGER,Depot
ASSISTANT ACCOUNTANT,Accountant
Senior Full Stack Backend Developer,Stack Backend
"Graphic Designer & Illustrator (Govt) | $2,700+Bonus | 1 Year Contract @ Bendemeer Road",Graphic Designer Illustrator
"Human Resource Internship Program (Healthcare, 3 Months extendable) #HKA",Human Resource Internship Program
Business Development Manager,Business Development
Business Development Manager (Tender Management / ACMV / M&E) - SL,Business Development
Finance & Operations Analyst,Finance Operations
LORRY DRIVER,Lorry Driver
Supervisor,Supervisor
Talent Acquisition (HR),Talent Acquisition
Administrative Executive,Administrative Executive
Production Supervisor #65733,Production Supervisor
Aircraft Trainee Technician,Aircraft Trainee Technician
"Marine Operations Superintendent, Ship Owner, Singapore",Marine Operations Superintendent Ship Owner Singapore
Commodity Manager - Management / Semiconductor,Commodity
"Deputy Officer/Officer, Billing (1-year contract)",Deputy Billing
"Program Manager (Semicond, Woodlands)",Program
BEAUTICIAN,Beautician
Performing Artiste,Performing Artiste
Financial Consultant,Financial
IT Operation and maintenance Director,Operation And Maintenance Director
Buyer @ Loyang,Buyer Loyang
M&E Engineer [ A1 Main Con / Islandwide Site Base / zr328 ],Main Con Islandwide Site Base
Senior Product Manager/Product Manager (Hybrid Work),Product
Outpatient Clinic Nurse,Outpatient Clinic Nurse
Electrical Technician,Electrical Technician
Research Scientist (Semiconductor),Research Scientist
Admin Assistant,Admin
Engineering Assistant (BOM/ECR/ECO)x3,Engineering
"Assistant Manager, Business Operations Management",Business Operations Management
BIM Modeller (Architectural & Structural/Up to $5000),Bim Modeller
Product Line Manager (MBA Fresh Graduate),Product Line
Tender Manager (Building Construction),Tender
Business Process Improvement Manager,Business Process Improvement
"Sales Executive (Industrial Equipment) - Global MNC, West",Sales Executive
Project manager,Project
(CEI) Sales Consultant / Sales Representative / Customer Care Consultant,Sales Sales Representative Customer Care
ACCOUNTING SUPERVISOR,Accounting Supervisor
Business Development Executive (Remote),Business Development Executive
Corporate Secretarial Associate / Senior Associate,Corporate Secretarial Associate Associate
0370 - Senior HR EXecutive [ Construction | MOM | Insurance | Communication | Payroll ],0370
Financial Accountant,Financial Accountant
Digital Marketing Assistant Manager (SEO & SEM) Real Estate,Digital Marketing Real Estate
cook,Cook
"Accounts Receivable Temp (6 months extendable) - West| Up $3,300",Accounts Receivable Temp
Construction Manager / Deputy Construction Manager,Construction Deputy Construction
*Temp* Pharmacy Assistant (Healthcare/Office hours) #HLEB,Pharmacy
LOCUM NURSING - ENROLLED NURSE ($28/HR) + TRANSPORT ALLOWANCE - CHANGI #HYT,Locum Nursing
BUSINESS DEVELOPMENT EXECUTIVE (Basic + Transport + Comm + AWS),Business Development Executive
Digital Project Director,Digital Project Director
Assistant Manager,Assistant Manager
Audit Semi-Senior,Audit Semi
Social Lead - (Digital Marketing Manager) | One North | Contract,Social Lead
Bank Officer (Training will be provided!!),Bank Officer
lorry driver,Lorry Driver
Technical Support Specialist,Technical Support
"Senior, Operations Executive (Support role/ACMV/HVAC)",Operations Executive
dance artiste,Dance Artiste
Office Manager,Office
Barber,Barber
Banquet Captain,Banquet Captain
Banking Officer - Cards & Personal Loan / Various Banks / Fresh Grads,Banking Officer
Part-Time Early Literacy and English Teacher,Part
Junior / Senior Talent Acquisition (Training provided) Basic + Sales Incentives,Talent Acquisition Sales Incentives
"Assistant Vice President, Financial Report Engineering (Job ID: 10061860)",Vice President Financial Report Engineering
Project Manager,Project
Supervisor,Supervisor
Clinic / Healthcare assistant,Clinic Healthcare
WAREHOUSE ASSISTANT | WEST | MIN 6 MONTHS COMMITMENT,Warehouse
R&D Chemist (ISO13485),Chemist
Patient Service Associate (Specialist Outpatient Clinics/ Pharmacy) #HLY,Patient Service Associate
7521 - Customer Relations Officer / Executive,7521
Tutor for Social Enterprise Tuition Centre (Bukit Batok and Bukit Gombak),Tutor For Social Enterprise Tuition Centre
Food & Beverage Executive,Food Beverage Executive
"Account Executive, LE GTS (Indonesia)",Account Executive Gts
Facilities Maintenance Technician,Facilities Maintenance Technician
L1 L2 CHILDCARE TEACHING POSITION(TAMPINES ),Childcare Teaching
Sales Manager (Marine),Sales
Business Development Executive,Business Development Executive
Project Administrator,Project Administrator
Admin Assistant | Queenstown | URGENT!!,Admin
IC Verification Engineer (System Verilog/UVM),Verification
"Security Officer (Retail) - High End Luxury Retail - Up to $3,500!",Security Officer
Senior Buyer (Oil & Gas Manufacturing MNC),Buyer
Admin Assistant,Admin
Case Worker ( Community Healthcare / 2 rotating shift ) #HMN,Case Worker
Junior Art Director,Art Director
RICE PACKER @ BOON LAY,Rice Packer Boon Lay
carpenter,Carpenter
Payments Test Lead,Payments Test Lead
ACCOUNTING EXECUTIVE,Accounting Executive
Receptionist (Prestigious Spirit),Receptionist
Event Operations Executive,Event Operations Executive
3 months temp Admin Assistant #HMS,Months Temp Admin
3063-Restaurant Dining Manager | Farrer Park MRT | 5 days,3063
Software Engineer,Software
Assistant Engineer - Permanent Way,Assistant Engineer
Valuations Control (Associate),Valuations Control
Structural Supervisor,Structural Supervisor
Captain (F&B),Captain
"Executive, Staff Suggestion Scheme and Operational Excellence",Executive Staff Suggestion Scheme And Operational Excellence
Guest Service Assistant / Executive (4 - 5 Star Hotel/ Islandwide)-ED,Guest Service Executive
SHIFT SUPERVISOR,Shift Supervisor
Sales Executive,Sales Executive
Customer Service Executive #66075,Customer Service Executive
Finance Executive,Finance Executive
Rf Test Engineer,Test
-NEW- 24 Months Junior Admin Assistant,
Junior Project Engineer,Project
Service Engineer (Marine generators/Power),Service
6 Months Admin Assistant / $2000 - $2600/ WEST #ECT,Months Admin
Finance Intern,Finance Intern
"9081 - Veterinarian [ 5 days / Ang Mo Kio / Serangoon / up to $9,000 ]",9081
Investor Relations Analyst (with Journalist background),Investor Relations
Assistant Manager/ Training Manager (Retail Industry),Training
Medical Sales Consultant (Basic Salary + Commissions) SGX Listed,Medical Sales Sgx Listed
"HR, Health & Safety Officer",Health Safety Officer
Engineer (Mechanical & Electrical) [$4500 + VB / Jurong / Preventive Maintenance] - FA,Jurong Preventive Maintenance
Workplace Safety & Health Officer #Careers #Worknow,Workplace Safety Health Officer
Automation Software Tester (TOSCA / Selenium),Automation Software Tester
"Accounts Assistant (Simple Duties/Partial Accounts) - Up to $2,500 + Bonus",Accounts
Cybersecurity Analyst,Cybersecurity
MARKETING  MANAGER,Marketing
SPA THERAPIST,Spa Therapist
C# .NET Developer,Net
(JC) Kitchen and Sushi Helper,Kitchen And Sushi Helper
ADMIN ASSISTANT / EXECUTIVE / COORDINATOR / 5 DAYS / EAST,Admin Executive Days East
RTO(Infra),Rto
SPA THERAPIST,Spa Therapist
FINANCE MANAGER,Finance
Lab Technician,Lab Technician
Mechanical Fitter - JT,Mechanical Fitter
TCM PHYSICIAN,Tcm Physician
Personal Assistant,Personal
Sales Manager (Logistics/Up to $10k),Sales
Technical Service Executive (Basic up to $3900/ 3 Months Bonus/ Office Working Hours/ Class 5 License/ Tuas),Technical Service Executive
QA Lead Engineer,Lead
Accounts and Admin Manager,Accounts And Admin
Scientific Support Specialist (Regulatory Admin) - 12 months #HHLT,Scientific Support
Customer Service Officer (Education Business),Customer Service Officer
Finance Executive (1-Year Contract),Finance Executive
Account Executive,Account Executive
Business Development Executive,Business Development Executive
Senior Events 3D Designer,Events Designer
Accounts Executive,Accounts Executive
Sales Manager,Sales
Human Resource Assistant,Human Resource
Contract Teacher,Teacher
Retail Assistant/Store Incharge (Full-time),Retail Incharge
Assistant Engineer ‚Äì System Integration & Engineering / SCADA systems/ ( Junior / Entry level),System Integration Engineering Scada
Quantity Surveyor,Quantity Surveyor
Administrative Executive,Administrative Executive
Key Account Manager (5 Days / East / Biannual Commission) 056,Key Account
Business Development Executive,Business Development Executive
Pediatric Occupational Therapist #66291,Pediatric Occupational Therapist
TEM Failure Analysis Engineer/Senior Engineer,Tem Failure Analysis
Child Care Centre Principal,Child Care Centre Principal
Technician,Technician
Helpdesk Support L1 (Shiftwork may be needed),Helpdesk Support
"Currencies and Emerging Markets - Automated Trading Strategist (ATS), Associate",Currencies And Emerging Markets
Project Executive (Events),Project Executive
Trailer Truck Driver,Trailer Truck Driver
Teaching Assistant (Special Education) #65960,Teaching
URGENT: Senior/ Sales Manager (Tugs & Barge/ Marine Industry),Sales
Floor Supervisor,Floor Supervisor
Account Executive,Account Executive
[GOVT] Learning and Development Officer - JL,Govt Learning And Development Officer
Healthcare Assistant,Healthcare
"Business Delivery Manager (Bank, 6 months contract) $7K",Business Delivery
TECHNICIAN OFFICER,Technician Officer
Service Engineer - Woodlands,Service
Office Admin Executive / Senior Executive,Office Admin Executive Executive
HEAD CHEF,Head Chef
Sales Support Engineer,Sales Support
MES/CIM Application/Software Engineer,MES/CIM Application/Software Engineer
Talent Acquisition Partner - HR & Management - Singapore,Talent Acquisition Partner
Senior Java Developer (Test Automation) 2684,Java
MARKETING EXECUTIVE,Marketing Executive
Account Executive,Account Executive
Sales Executive (General Trade / Modern Trade),Sales Executive
Non-tenure-track Senior Lecturer Positions in Computational Systems and Engineering,Non
Associate,Associate
Spa Therapist wanted @ Jurong,Spa Therapist Wanted Jurong
Software Engineer,Software
HR Executive,Executive
Lead Commissioning Engineer - Process,Lead Commissioning
"Accounts Executive (Accounts Receivable, Pasir Panjang)",Accounts Executive
Safety Coordinator,Safety
Air Import Officer - GT,Air Import Officer
"Executive/Senior Executive, Planning and Performance",Executive Planning And Performance
Credit Control Executive (Healthcare / Social Service),Credit Control Executive
Software Engineer,Software
Senior Staff Nurse,Staff Nurse
Business Development Executive (Marketing Agency),Business Development Executive
"Area Manager , Recruitment",Area Recruitment
ADMIN EXECUTIVE,Admin Executive
.NET Developer (12 months and extendable contract),Net
System Engineer,System
MANAGEMENT EXECUTIVE,Management Executive
(JC) Office Cleaner,Office Cleaner
"Reliability Engineer (Pharma MNC, Office Hours) #HRY",Reliability
Recruitment Consultant(O'levels/NoExp/East),Recruitment
Construction Director,Construction Director
Tableau Developer,Tableau
Research Assistant (NEWRIComm),Research
Branch Operations Officer (Permanent |Foreign Bank),Branch Operations Officer
HR Assistant (Bugis)**Fresh Graduate Welcome!,Graduate Welcome
"Accountant (FMCG, North, up to $4,000)",Accountant
Boxing Coach,Boxing Coach
Operation Admin Executive,Operation Admin Executive
"Executive, Airfreight Pricing & Customer Service",Executive Airfreight Pricing Customer Service
Staff Nurse (Maternal Healthcare),Staff Nurse
HR Assistant Manager,HR Assistant Manager
Clinic Nurse (Dermatology) (ref: 120),Clinic Nurse
Project Coordinator,Project
Kitchen Assistant,Kitchen
"Sales Engineer, Fire Suppression",Sales Fire Suppression
SUPERVISOR,Supervisor
Procurement & Logistics Executive,Procurement Logistics Executive
LEASING EXECUTIVE / UP TO $4K,Leasing Executive
"Manager, Business Relationship Manager, Business Banking",Business Relationship Business Banking
Architectural Drafter,Architectural Drafter
Procurement Engineer / 1 Year Contract / Oil & Gas MNC / Central,Procurement Year Oil Gas Mnc Central
Preschool Teacher (DECCE-T),Preschool Teacher Decce
"6 months CONTRACT Classroom Support Executive ($3,000 to $4,000) *Educational Institute* #NJA",Months Classroom Support Executive
"Sales Engineer (Electronic Components, up to $5,000)",Sales
Admin Executive (West / Production / Order Processing),Admin Executive
HR MANAGER,HR MANAGER
Preschool Principal - Up to $6000 - Loyang | SINGAPOREANS ONLY,Preschool Principal
Procurement EngineerProcurement Engineer - Oil & Gas,Procurement Engineerprocurement
Senior / Business Process Analyst ‚Äì Operational Finance,Business Process Operational Finance
Workday Analyst - Contract = 6 months,Workday
Retail Shop Sales Supervisor,Retail Shop Sales Supervisor
R&D Executive #65601,Executive
Senior / Executive Secretary / (Chemical),Executive Secretary
(MIN 4 MTHS BONUS!!) Sales Design Engineer (HVAC/ACMV) - Up to $5500 + AWS,Sales Design
7048 - Admin Executive,7048
Operations and Marketing Executive,Operations And Marketing Executive
F&B Cook,Cook
Front desk executive,Front Desk Executive
Leasing Admin Executive (East),Leasing Admin Executive
"Senior Accounts Payable (AP) Executive/ Specialist | Jurong Fishery Port | Hybrid | Basic up to $4,000",Accounts Payable
Service Crew (3 / 4 Days Work Week),Service Crew
LORRY DRIVER,Lorry Driver
Retail Sales Consultant - Luxury Furniture,Retail Sales
Executive - Education Division,Executive
Sales Administrator / FMCG MNC,Sales Administrator Fmcg Mnc
Spa Therapist #65055,Spa Therapist
"Name Screening Officer (Contract, MNC Bank)",Name Screening Officer
Sales & Marketing Executive (Commission Available/Flexi Timing) #66187,Sales Marketing Executive
"3487 - Operation Executive [ 6 months / temporary / tourism industry / 5 days / $3,000 ]",3487
Bar Manager,Bar
Management Trainee (Corporate / Business) - No experience required (Training Provided),Management Trainee
Quantity Surveyors (Mechanical & Electrical),Quantity Surveyors
Outdoor Sales Executive #65828,Outdoor Sales Executive
Senior Metering Software Service Engineer,Metering Software Service
Warehouse Customer Service Executive,Warehouse Customer Service Executive
CHEF,Chef
Client Advisor,Client Advisor
Volunteer Manager - GOVT | Perm | up to $5200 - spjsa,Volunteer
"Talent Consultant (Entry level, Training provided)",Talent
Recruitment Consultant / Senior Recruitment Consultant,Recruitment Recruitment
technical architect,Technical Architect
Post-sales account management,Post
"Senior/Executive, Retail & Motor",Retail Motor
0430 - Sales Engineer,0430
Marketing Executive (Oil and Gas),Marketing Executive
"*NEW* Supply Chain Analyst ($4,000 to $4,800) #NJA",Supply Chain
Customer Service Consultant,Customer Service
RECEPTIONIST,Receptionist
massage,Massage
SUPERVISOR,Supervisor
Course/Education/Training/Enrollment Executive/Consultant,Course/Education/Training/Enrollment Executive/Consultant
Patient Care Assistant (Daycare),Patient Care
HR Manager (People Operations and Processes),HR Manager 
rocurement and Planning Assistant Manager (Up to $5000 / 5 days / Lakeside),Rocurement And Planning
Project Engineer / AM (Tender / Quotation) PW24,Project
"IT Application Engineer (Java/SECS/SQL/Tibco, Semiconductor)",Application
Operations Manager - Global Logistics Client,Operations
Public Relations Executive,Public Relations Executive
Customs Broker,Customs Broker
Integration Architect,Integration Architect
Visiting Research Scientist (ID TRP) 1,Visiting Research Scientist
"Manager, Production Planning & Customer Service",Production Planning Customer Service
Infant Care Teacher @ Ang Mo Kio ,Infant Care Teacher Ang Kio
Sales Project Assistant Manager (B2B Sales) FMCG,Sales Project Fmcg
Service Engineer [Environmental protection/ Class 3/ Boon Lay] (JQ),Service Environmental Class Boon Lay
Sales Support (East/ 6 Months/ Up to $2.5K),Sales Support
Tax Manager,Tax
"Process Engineer (Electronics/ Semiconductor/ Manufacturing, East)",Process
,
Preschool Teacher [English Language / Chinese Language],Preschool Teacher English Language Chinese Language
Drafter cum Engineer,Drafter Cum
BUSINESS DEVELOPMENT EXECUTIVE,Business Development Executive
Field Service Engineer,Field Service
Lead Solution Architect,Lead Solution Architect
"Assistant VP, Client Advisor - Privilege Banking",Client Advisor
Key Account Manager (Modern Trade),Key Account
Mechanical Designer (Solidworks/DFM/DFA/GD&T),Mechanical Designer
Accounts Executive,Accounts Executive
Backend Software Engineer (DBA) - Cloud Infrastructure,Backend Software
Childcare Teachers @Serangoon(near the Mrt),Childcare Teachers
Cleaner,Cleaner
Admin Assistant (Part-time),Admin
Sales Coordinator (Indoors),Sales
English Language Tutor -Full time- 6405,English Language Tutor
Finance cum Admin,Finance Cum Admin
Engineering Manager (Automation) #66158,Engineering
"L2 Application support Manager (healthcare, govt project, consultancy, non-helpte/northeast)",Application Support Healthcare Govt Project Consultancy Non
SEA Operations Executive [Import & Export / 3PL / up $3500 / 5.25 Days/ WFH] - FA1,Sea Operations Executive Import Export Wfh
SAP Fico Senior Developer,Sap Fico
Sales Manager,Sales
Site Superintendent ,Site Superintendent
Materials & Logistics Manager / Manufacturing MNC (Oil & gas) / West,Materials Logistics Manufacturing Mnc West
Service Engineer  / Technician,Service Technician
Chemical Technician ‚Äì no experience needed! 1 year contract (up to $2.4K!) #HLA,Chemical Technician Experience Needed Year
"Accounts Assistant (Reporting/Alcohol MNC) | Up $3,000 | 1 Year Contract | Toa Payoh",Accounts
Resident Technical Officer (Airport),Resident Technical Officer
System Engineer ‚Äì Integration,System Integration
Live Streamer / Content Creator (Singapore),Live Streamer Content Creator
Inside Sale coordinator (bt. merah),Inside Sale
Engineering Manager / Aerospace MNC / East,Engineering Aerospace Mnc East
Legal Administrative Assistant,Legal Administrative
Bartender,Bartender
Telco Brand Ambassador (CAREER OPPORTUNITIES),Telco Brand Ambassador
Accountant,Accountant
Bakery Retail Assistant #64770,Bakery Retail
"Assistant Manager, Terrestrial Networks ‚Äì Fronthaul & Backhaul",Terrestrial Networks Fronthaul Backhaul
"Security Engineer (Shift, Class 3, West)",Security
Warehouse Assistant (No Forklift License Required) #65800,Warehouse
Electrical Engineer (Building Services),Electrical
Carpentry Project Supervisor,Carpentry Project Supervisor
Site Manager,Site
Admin Executive cum PA #65935,Admin Executive Cum
Admin Executive,Admin Executive
QA/QC Engineer (ISO9000) - Up to $4500+ Bonus | WEST,QA/QC Engineer 
Maintenance & Facilities Manager (Medical Manufacturing MNC),Maintenance Facilities
Technician,Technician
Customer Service (Call Centre),Customer Service
Buyer,Buyer
Office Admin,Office Admin
Associate Engineer (Electrical & Electronics Consumer Products),Associate
Events Executive [ Bras Basah | Entertainment Company | Operations ] - 9186|,Events Executive Bras Basah
Car Detailing Manager,Car Detailing
Restaurant Manager,Restaurant
Healthcare Accounts Assistant (REDHILL)  #HJW,Healthcare Accounts
Spa Therapist,Spa Therapist
HR Intern,Intern
2812 - Gui Programmer / Software Engineer [ PC / API / Fix Bug / C# / WPF /,2812
THERAPY AIDE,Therapy Aide
Repair Engineer (6 months Temp),Repair
Preschool Senior/Cluster Head Principal,Preschool Head Principal
Tea Lady / General Worker,Tea Lady General Worker
Laboratory Assistant,Laboratory
Analyst Programmer ,Programmer
Technical Service Manager ‚Äì Security/CCTV,Technical Service
Recruitment Consultant/Junior Executive(Olvl/2yrs exp/Central),Recruitment Executive
Service Coordinator [ Answer Call / Service / Procurement ] 6154,Service Answer Call Service Procurement
Design Engineer,Design
Desktop Support Engineer (ERP)  / East,Desktop Support East
Staff Engineer - BGA / CSP,Staff
Electrical Design Engineer X 2 (Electrical / Switchboards / Consoles / Control Panel / Drawing / AutoCAD),Electrical Design
Executive (Sales/Business Development),Executive
RESTAURANT SUPERVISOR,Restaurant Supervisor
Class 4 Driver,Class Driver
"Electronic Engineer, Integrated Medical Technologies (DxD Hub)",Electronic Integrated Medical Technologies
Hairstylist Manager,Hairstylist
ZK18 - Quality Engineer (Tuas / $3000),ZK18
Project Manager -PMO (Contract- $6K to $9K),Project
Senior IT Business Analyst,Business
Driver Cum Funeral Assistant [Class 3 / Bright Hill] 0129,Driver Cum Funeral Class Bright Hill
"Marketing Executive [S$3,600 / Bugis / 5days] - 1200",Marketing Executive Bugis
Field Engineer,Field
Purchaser,Purchaser
MUSIC TEACHER (PRIVATE TUITION),Music Teacher
4301-  Sales Executive [HighEnd Furniture |Outdoor Sales],4301
Senior Sous Chef,Sous Chef
Project Manager  - Payments,Project
BIOLOGY TEACHER,Biology Teacher
"Senior Restaurant Manager ($6,000-$8,000)",Restaurant
Senior / Technician (Electrical),Technician
Secretary to CEO (Shipping MNC) / 1 Year Contract,Secretary Ceo Year
"Customer Service Engineer (Machine Vision Application, Semiconductor)",Customer Service
Electrical Engineer #65651,Electrical
F I N A N C E    E X E C U T I  V E,F I N A N C E E X E C U T I V E
OPERATION SUPERVISOR,Operation Supervisor
Full Time Customer Service Associate,Customer Service Associate
Marketing and KOL Executive,Marketing And Kol Executive
Business and Marketing Executive (Start-up company),Business And Marketing Executive Start
Temp Admin Assistant (4 months) - $12 per hour #HHLT,Temp Admin
Senior Production Technician - Oil and Gas / Petrochemical / West,Production Technician
"Assistant Engineer, Test Equipment Support",Test Equipment Support
*NEW* PROPOSAL ENGINEER ($4000 to $5300) #NJA (OIL AND GAS INDUSTRY),Proposal
Accountant #66313,Accountant
Marine Superintendent (LPG),Marine Superintendent
Operations Manager / Assistant Director (Healthcare),Operations Director
Product Owner ‚Äì Virtual Client (Citrix),Product Owner Virtual Client
PM Service Engineer,Service
Sales and Marketing,Sales And Marketing
BUSINESS OPERATIONS INTERN,Business Operations Intern
Lab Technician | Chemical Technician | QC Technician (Woodlands | Training Provided),Lab Technician
Corporate Sales Executive (Hybrid Work Arrangement) #65754,Corporate Sales Executive
Logistic Executive|Warehouse Operation|Tanjong Penjuru| 5 Days [0580],Logistic Executive
workshop admin,Workshop Admin
TCM Therapist ‰∏≠ÂåªÊ≤ªÁñóÂ∏à / ÊåâÊë©Â∏à,Tcm Therapist ‰∏≠ÂåªÊ≤ªÁñóÂ∏à ÊåâÊë©Â∏à
Commercial and Operations Manager (Seafreight) / Global MNC / East,Commercial And Operations Global Mnc East
"Assistant Director, Project Management (3 Years Contract)",Director Project Management
Service Crew (Full-Time),Service Crew
Recruitment Executive|Orchard|Office hours #HST,Recruitment Executive
‚Äã‚Äã‚Äã‚Äã‚Äã‚Äã‚ÄãPatient Service Associate - 6151,Service Associate
Security Officers in Office (Marina Bay/Shenton Way/Downtown MRT),Security Officers Office
6723 - Account Executive [Partial Set | AP|AR],6723
"Assistant General Manager/Director, Card Centre",General Card Centre
Financial Controller (Degree / 4-5 Yr Exp / Full Sets / West),Financial Controller Degree
Aircon Servicing Technician,Aircon Servicing Technician
"Sales Executive (Basic + Commission, Electronics products)",Sales Executive
"Account Executive Cum Admin (Urgent/Investment/SME/S$3,200 higher)",Account Executive Cum Admin
Workplace safety and health Officer # Changi East,Workplace Safety And Health Officer Changi East
Devops Engineer,Devops
Call Centre Associate ( 1.5 Months Extendible / No experience required - on job training provided ) #HMN,Call Centre Associate Months Extendible Experience Required
"IT Support Executive ( Level 1,2 & POS support, Office hrs,Retail, East)",Support Executive
Site Engineer cum PE Assignee #MAINCON,Site Cum Assignee
[Entry Level] Assembly Operator/ QC Technician - Basic + Allowance + OT [R22107578],Assembly Technician
"Engineer (Oil and Gas, Pioneer)",Engineer 
Operator (Distribution Centre),Operator
HR Executive / (HR Business Partner ) Bonus up to 3 month,Executive Month
Ground Support Equipment Techncians,Ground Support Equipment Techncians
Senior Resident Engineer,Resident
Senior HR Recruitment Consultant,Recruitment
"Business Support cum Secretary (West, up to $8,000)",Business Support Cum Secretary
Operation Executive - Nursing Home | Office hour,Operation Executive
Personal Assistant / Office (No need experience),Personal Office
Desktop Support Engineer (West Side),Desktop Support
Full Time/Casual Kitchen Assistant,Kitchen
Temp Staff (2)-collection of data in schools,Temp Staff
"Lead, Business Solution",Lead Business Solution
Staff Nurse | O&G/IVF | Registered Nurse | Mount Elizabeth - 4769,Staff Nurse
Unix Engineer (Server Build Project),Unix
"Assistant Manager, Clinical Administrative Office",Clinical Administrative Office
Food Outlet Manager,Food Outlet
Software Developer (SQL/ .Net),Software
Senior/ Executive (Home Care),Executive
Airfreight Officer [Changi | WMS | Custom Permit Declaration] 0129,Airfreight Officer Changi
Admin Assistant,Admin
Accountant,Accountant
Project Engineer,Project
Front desk Receptionist,Front Desk Receptionist
"1 Year Contract Senior Bank Project Business Analyst - SharePoint, DocuSign (up to $6,400) #BLM",Year Bank Project Business
(JC) Van Sales Representative (Woodlands),Van Sales Representative
Customer Service Officer (Call Centre) 1 Year Contract /  5.5 Days,Customer Service Officer Year Days
Digital Marketing Executive / 5 days / Attractive Salary Package/Immediate,Digital Marketing Executive Days Attractive
AV Technician,Technician
Customer Service - Fintech,Customer Service
Senior / Engineer - Mechanical Design,Senior / Engineer
Digital Marketing Specialist #65629,Digital Marketing
CHEF,Chef
Retail Intern (Part Time),Retail Intern
F&B Outlet Assistant,Outlet
Transport Coordinator,Transport
Customer Support Officer,Customer Support Officer
Preschool Teacher #64701,Preschool Teacher
Waiter / Waitress,Waiter Waitress
Electrical Engineer / Electrical Engineer / Project  ‚Äì Smart Grid & Metering/ ( Junior / Entry level),Electrical Electrical Project Smart Grid
Production Supervisor (12 hours shift),Production Supervisor
ACCOUNTS MANAGER/SALES ENGINEER [Job Code 2104417C],Accounts Code
FOOT REFLEXOLOGIST,Foot Reflexologist
"Assistant Sales Manager (Mon-Fri, based in HQ office)",Sales Mon
"Core Java, Selenium automation developer",Core Java Selenium Automation
Primary Classroom SEN Teacher,Primary Classroom Sen Teacher
Project Architect - Rail/Infra Projects (Airport) Up to S$6000,Project Architect
Admin Executive (Insurance),Admin Executive
Material Handle Assistant (Up to $2600),Material Handle
Retail Associate (Part-Time),Retail Associate
Temp Sports Event Staff @ Takashimaya / 31 Aug ~ 18 Sep / No Exp + Quick Hire,Temp Sports Event Staff Takashimaya Aug Sep Exp Quick Hire
Customer Service [ Freight forward / Bukit Merah / zr328 ],Customer Service Freight Forward Bukit Merah
Costing/Billing Officer [Up $3500 / Changi Air Freight/ 5 Days Work Week/ Logistics] - FA1,Officer Changi Air Days Work Logistics
Accounts Assistant /Executive #OPK,Accounts
Food Server,Food Server
"Manager, Redevelopment ((Hospital)",Redevelopment
Marketing Senior Executive,Marketing Executive
Store Manager - Luxury Retail,Store
7048 - Account Assistant,7048
Merchandiser,Merchandiser
Customer Service Executive (Chemical industry) #51876,Customer Service Executive
Finance Manager (Project Accounting / Medical Industry),Finance
Business Development Manager,Business Development
Foodcourt Chef,Foodcourt Chef
Operating Theatre Assistant (Healthcare Support) - 2323,Operating Theatre
Recruitment Manager (Start-up Expansion),Recruitment Start
English Teacher,English Teacher
"Senior Manager, Strategy, Asia Pacific Field Division",Strategy Asia Pacific Field Division
Admin Staff,Admin Staff
IT Operations Assistant,Operations
Temp Admin Assistant (No need experience) / Office Hours / $100 per day / 3 months / West,Temp Admin Office Hours Per Day Months West
Gas & Carbon Market Analyst,Gas Carbon Market
Preschool Educator,Preschool Educator
Senior SEO Specialist,Seo
HAIRSTYLIST,Hairstylist
Warehouse Management Assistant / West,Warehouse Management West
SUPERVISOR,Supervisor
"Social Worker (Islandwide, Office hours) #HJX",Social Worker
Supervisor - Maintenance (Electrical & Instrumentation),Supervisor
IT Security Governance & Risk Specialist,Security Governance Risk
Web Developer & Full-Stack Coding Intern,Web
6154 - Field Service Engineer [ Security / Networking / Class 3 ],6154
Structural Steel Detailer,Structural Steel Detailer
System Analyst (Payment),System
HR Executive,Executive
WSHO-cum-ECO,Wsho
Technology Delivery Manager,Technology Delivery
Production Support Analyst (Bank) (JT),Production Support
SOC L3 Analyst,Soc
Application Support Engineer (SAP FICO),Application Support
Developer ‚Äì Mobile,Mobile
GENERAL MANAGER,General
Manager ‚Äì Equipment Management,Equipment Management
"Executive, Healthcare Admin (Office Hours) #HYN",Executive Healthcare Admin
Customer Support Assistant,Customer Support
DRIVER,Driver
Personal Assistant,Personal
Baker,Baker
Service Crew,Service Crew
Aircraft Maintenance Engineers,Aircraft Maintenance Engineers
Accounts Executive,Accounts Executive
Software Developer #IJU,Software
"IT Project Engineer (SI, East)",Project
Executive Host - Loyalty Club,Executive Host
Materials Purchasing Specialist | Purchasing Executive | Logistics Coordinator (Marine Spart Parts | Manufacturing),Materials Purchasing
Clinic Assistant / Patient Service Associate (Office hours) #HJO,Clinic Patient Service Associate
"Business Acquisition Manager (Vietnamese, English) - Singapore",Business Acquisition
GAME SOUND ARTIST,Game Sound Artist
Accounts cum Admin Assistant [Woodlands | Partial Set] 0129,Accounts Cum Admin Woodlands
Sales Operations Assistant,Sales Operations
Application Support Engineer #IKR,Application Support
Host,Host
"Associate, Product Compliancece",Associate Product Compliancece
Business Analyst Tax and Treasury (12 months contract),Business Tax And Treasury
Information Security Analyst,Information Security
General Manager (Bar Set Up / Up $15000 / 5 Days Work/MNC) - WL,General
Table Top Cleaner (East/ Full Time),Table Top Cleaner
Guest Relations Officer,Guest Relations Officer
family office assistant,Family Office
M&E Engineer [ Lighting Contractor ] | 6597,Lighting Contractor
Senior Instrumental & Control Engineer,Instrumental Control
7506 - Specialty Chef (Wok) - Cantonese Cuisine,7506
Stall Assistant / Êëä‰ΩçÂä©ÁêÜ,Stall Êëä‰ΩçÂä©ÁêÜ
Warehouse Assistant / Logistic Officer/ Senior Warehouse,Warehouse Logistic Warehouse
Senior Machinist [ Precision Engineering / Manufacturing ] 6154,Machinist Precision Engineering Manufacturing
Supply Chain Coordinator - Jurong Island /Co. tpt at Jurong Island & Lakeside / Basic + Allowance + AWS + 3/4 Months Bonus,Supply Chain
"Structural Engineer, Design (MNC/Central)",Structural Design
Clinic Assistant,Clinic
"Senior Veterinary Assistant, National Large Animal Research Facility",Veterinary National Large Animal Research Facility
Architectural Drafter,Architectural Drafter
Secretary / Executive Assistant to Director,Secretary Executive Director
Senior Lift Technician,Lift Technician
Dance Instructors - Part Time/ full time,Dance Instructors
PreSchool Cleaner,Preschool Cleaner
Part-Time Dishwasher,Part
Accounts Executive,Accounts Executive
DRIVER,Driver
PROJECT ENGINEER,Project
HR Recruitment Trainee,Recruitment Trainee
Head of Credit Administration,Head Credit Administration
"Logistics Officer (Maritime, up to $2,500)",Logistics Officer
assistant chef,Chef
Telemarketer,Telemarketer
IT Operation Executive,Operation Executive
"Production Planning Coordinator (West, Manufacturing MNC)",Production Planning
Safety Officer,Safety Officer
Audit Associate,Audit Associate
Full Stack Developer,Stack
Business Analyst,Business
Channel Partner Manager,Channel Partner
"Assistant Production Engineer (East, Fresh welcome)",Production
"Senior Coordinator, Air Freight Export",Air Freight Export
Hemodialysis Staff Nurse,Hemodialysis Staff Nurse
SUPERVISOR,Supervisor
Fundraising Manager #HYS,Fundraising
(CENTRAL) (HOSPITAL SETTING) Temp Triage Staff needed (Until 12 September 2023) #HJCT,Temp Triage Staff Needed
Invigilator - Examinations Department,Invigilator
HR Executive (Talent Acquisition & Training),Executive
Warehouse Executive #64841,Warehouse Executive
Senior Legal Counsel (Education),Legal Counsel
Pest Control Technician Cum Driver,Pest Control Technician Cum Driver
Manager / Senior Manager (HRBP)/One year contract/Kent Ridge/up to $8k,Year
Windows Systems Engineer,Windows Systems
Part time Admin,Admin
TECHNICIAN | 5-DAY | SYSTEM TESTING | ENTRY LEVEL,Technician
QA Lead,Lead
Preschool Principals #SKL,Preschool Principals
Digital Marketing Executive,Digital Marketing Executive
Manufacturing cum Maintenance Engineer #65661,Manufacturing Cum Maintenance
Store Manager/ Supervisor/ Asst Mgr - Beauty Products,Store Asst Mgr
Assistant Electrical Engineer,Electrical
Customer Service Officer #65205,Customer Service Officer
"Manager / Assistant Director, Buildings & Facilities Management Projects (Development & Estate Department) [NIE]",Director Buildings Facilities Management Projects Nie
Accounts ExecutiveAccounts (AR),Accounts Executiveaccounts
Medical GP Clinic Assistant (Upper Serangoon View),Medical Clinic
Software Developer,Software
Preschool Assistant Teacher (Bukit Timah) - 1200,Preschool Teacher
BARISTA,Barista
"üßπ Cleaner (Office, Hotel, Condo) @ multiple locationsüßπ‚û§ Up $1720 - mtc010",Cleaner Multiple
Grinding Technician #64856,Grinding Technician
ACMV Technician,Acmv Technician
Senior E-Commerce Specialist,Senior E
Admin Assistant (Science Industry) / End of Year Contract / Part time / Central / Global MNC,Admin End Year Central Global Mnc
Warehouse Assistant -$2500 -0808,Warehouse
Telecom Customer Experience Specialist,Telecom Customer Experience
Preschool Teachers (English/Chinese/ Islandwide),Preschool Teachers
Restaurant Supervisor (F&B - Crossroads Buffet),Restaurant Supervisor
Accounts Assistant (Simple Duties/AR/AP/Invoice/Sin Ming Ln),Accounts
Sales Manager (Logistics/ Freight Forwarding) #65009,Sales
Deputy Boutique Manager (Cartier - Changi Airport Terminal 3),Deputy Boutique Cartier
6723 - Diagnostic Radiographer [ up to $5000 | AHPC | Orchard | General X-Ray | Radiology ],6723
"Shipping Port Coordinator (Norway MNC) $3,200",Shipping Port
site engineer,Site
Marketing Executive,Marketing Executive
Project Engineer [ M & E / Interior Design Out Fit / ACMV / Electrical / Fire Protection System / Plumbing / ZR328 ],Project Interior Design Out Fit Acmv Electrical Fire Protection System Plumbing
"Post Doctoral Fellow, Laboratory of Translational Cancer Biology, GIS",Post Doctoral Fellow Laboratory Translational Cancer Biology Gis
Assistant Engineer / Project Engineer ‚Äì Protection Systems/ ( Junior / Entry level),Project Protection
Technician ( Up to $2500 / Training Provided / NTC / Nitec / Diploma) - 1111,Technician
Counter Staff (Customer Service) #65780,Counter Staff
"Principal Software Engineer, Network Technology - Singaporeans only",Principal Software Network Technology
GENERAL MANAGER,General
Wholesale Trade Manager,Wholesale Trade
Operations Manager,Operations
Operations Manager (Events),Operations
"Assistant Manager/ Manager, Human Resources",Human Resources
Accounts and Admin Executive,Accounts And Admin Executive
Shipping Coordinator,Shipping
"Programmer, Digital Solutions",Programmer Digital Solutions
IT Retail Associate,Retail Associate
Finance Manager,Finance
Recruitment Manager (Start-up Expansion),Recruitment Start
Administrative Executive,Administrative Executive
WAREHOUSE ASSISTANT (URGENT HIRING/WEST - PANDAN LOOP/ 6 DAYS),Warehouse
HSE Engineer (Manufacturing MNC),Hse
(JC) Sales Engineer (SEMICON),Sales
Senior HR Recruitment Consultant,Recruitment
INTERIOR DESIGNER,Interior Designer
SAP HCM Consultant,Sap Hcm
Planning Manager - FMCG/ West #HZO,Planning
Salon Manager,Salon
HR Compliance (1 year contract) #jl,Compliance
Restaurant Supervisor,Restaurant Supervisor
SPA THERAPIST,Spa Therapist
Office Attendant,Office Attendant
Software Developer (Back-End),Software Back
Supervisor and Formwork Foreman,Supervisor And Formwork Foreman
Telesales Representative,Telesales Representative
Test Program Manager,Test Program
Project Coordinator,Project
Information Technology Application Production Support Engineer (12 Hours Shift),Information Technology Application Production Support
Product Marketing Manager,Product Marketing
Prime Mover Driver,Prime Mover Driver
IT Tech Risk GRC - Tech Compliance Manager,Tech Risk Grc
"Manager, Credit Solutions",Credit Solutions
Receptionist (Preschool),Receptionist
Transformation manager,Transformation
SENIOR INTERIOR DESIGNER,Interior Designer
Data Analyst,Data
Supervisor,Supervisor
Lab Assistant (No experience needed - Training Provided) (1 Year Contract) / Global MNC,Lab Experience Needed
6723 - Invoice Assistant [AR| Tanjong Pagar],6723
Project Executive - JH (842),Project Executive
Executive Assistant,Executive
Business Analyst-  Environmental Social Governance (ESG),Business
Structural Supervisor (For Dimensional Controller),Structural Supervisor
Admin Assistant (Project) / Oil & Gas MNC / West / ASAP - End Dec,Admin Oil Gas Mnc West Asap
DELIVERY DRIVER,Delivery Driver
Information and Cyber Security Lead,Information And Cyber Security Lead
"Mechanical Design Engineer (Semiconductor, Die Sorter)",Mechanical Design
Clinic Assistant @ Siglap/Bedok,Clinic
"Accounts Executive (Accounts Receivable, Pasir Panjang)",Accounts Executive
ICT Admin Assistant (Primary School @ North) | up to $2.3k | till Dec 2024,Ict Admin
Cafe Barista / Service Crew,Cafe Barista Service Crew
Inside Sales Coordinator (ORDER PROCESSING-SAP)- Up to $4200,Inside Sales Order Processing
Ops Support Analyst - Trade (MNC|Bank|Up to $3.6k),Ops Support
Delivery Driver cum Warehouse Assistant,Delivery Driver Cum Warehouse
Proposal Manager #65694,Proposal
HR cum Admin Executive (Full Spectrum),Cum Admin Executive
Senior Payroll Executive,Payroll Executive
Sales Application Engineer - 9028,Sales Application
System Analyst (DB2),System
Sales and Business Development Executive,Sales And Business Development Executive
Assistant Quantity Surveyor,Quantity Surveyor
*Perm* Account Payable Manager (Shared Services) - (up to $7000) #NJE,Account Payable
BUSINESS DEVELOPMENT MANAGER,Business Development
(W) Plant Engineer - Japanese Speaking @ Jurong Island,Plant
QA / RA Specialist (Life Science) No Experience Needed,Experience Needed
Barista ÂíñÂï°Â∏à,Barista ÂíñÂï°Â∏à
Project Engineer (Fresh Graduate Are Welcome),Project
Risk Analyst,Risk
Admin Executive - 9028,Admin Executive
Hourly Paid Teacher,Hourly Paid Teacher
"Utility Supervisor (RES, LTA Project, 6 days)",Utility Supervisor
Telemarketing $2792 Basic + High Annual Bonus,Telemarketing High Annual
ZK18 - Senior Accounting Associate / Supervisor (Accounting Firm / Full Sets),ZK18
"Project Engineer (West, CCTV, Class 3)",Project
ASSISTANT COOK,Cook
Solution Architect - API,Solution Architect
MULTI OUTLET MANAGER,Multi Outlet
Operations & Confirmations Analyst,Operations Confirmations
Assistant Engineer / Engineer (Plating),Assistant Engineer / Engineer 
1415 - Delivery Assistant cum Chemical Packer ($2400) (Senoko),1415
PEGA DEVELOPER,Pega
"Secretary cum Admin (Assistant to CEO) - Up to $5,000 + Performance Bonus",Secretary Cum Admin
Network Security Engineer,Network Security
SAP FICO Consultant (APAC Project),Sap Fico
"6 Months Contract ,Snr Executive, Value Management Unit #HYS",Months Snr Executive Value Management Unit
FOOD STALL ASSISTANT,Food Stall
1013  Sci Lab Asst (School/Tampines),Sci Lab Asst
Physiotherapist/ Senior PT (Multiple Locations),Physiotherapist/ Senior PT 
Logistics Admin,Logistics Admin
Healthcare Assistant,Healthcare
Senior Technical Lead Consultant - Oracle Fusion Middleware and ESB Developer,Technical Lead
F&B EXECUTIVE,Executive
Product Specialist - HPLC,Product
Warehouse Assistant Ë¥ß‰ªìÂä©ÁêÜ,Warehouse Ë¥ß‰ªìÂä©ÁêÜ
SALES SUPERVISOR,Sales Supervisor
MANAGER,MANAGER
Project Coordinator,Project
Legal Contracts Manager (Construction),Legal Contracts
Junior / Senior Talent Acquisition (Training provided) Basic + Sales Incentives,Talent Acquisition Sales Incentives
Accounts Executive (Immediate) ,Accounts Executive
"Public Relations Officer (LTA, 5 days)",Public Relations Officer
Sales Executive (North),Sales Executive
Research Assistant - Mid Size Molecule,Research
Piping Engineer/Water Treatment MNC / South,Piping Treatment Mnc South
Full stack Developer (JavaScript),Stack
Software Developer (Calypso) 2875,Software
MANAGER,MANAGER
Account Assistant (AR) - Up to $3.3K (Healthcare) #HKH,Account
AS400 System Engineer (Yishun),System
3063-Assistant HR Manager (Compensation & Benefit Specialist),3063
Sous Chef,Sous Chef
"Sample Collection Specialist ( Science related Job, Pharma MNC, East Area ) #HMA",Sample Collection
Assistant Admin Manager (Regional Internal Audit/ Business Travel / Central) SW5,Admin
Wine Sommelier cum Operation Manager,Wine Sommelier Cum Operation
Draftsman,Draftsman
Tuina Massage Therapist | 5 days | Up to $3000 + Comm | Near to MRT,Tuina Massage Therapist
Operations Administrator (Coordinator),Operations Administrator
Senior Accountant - China / Regional,Accountant
CONSTRUCTION SUPERVISOR,Construction Supervisor
Senior Copywriter,Copywriter
C&S Resident Technical Officer (Part Time),Resident Technical Officer
"Process Engineer (West, Petrochemical/Chemical)",Process
Physiotherapist [TPY / AHPC],Physiotherapist Tpy Ahpc
Marketing Assistant,Marketing
"Work Place Experience, Senior Executive",Work Place Experience Executive
Wellness Trainer,Wellness Trainer
"Backend Software Engineer, Trust and Safety Engineering",Backend Software Trust And Safety Engineering
Telesales Representative,Telesales Representative
MIS Manager,Mis
Service Engineer (Refrigeration),Service
"Sales Engineer (Electronic Components, up to $5,000)",Sales
Warehouse Executive #65103,Warehouse Executive
Physiotherapist,Physiotherapist
Junior Account Manager (IT),Account
7506 - Interior Designer [ Eunos ],7506
Warehouse Assistant,Warehouse
Senior M&E Engineer,Senior M&E Engineer
"Financial Services Advisory, Salesforce Developer, Associate to Senior Associate (6 Months Contract)",Financial Services Advisory Salesforce Associate Associate
Infrastructure Engineer- Linux,Infrastructure
Admin,Admin
Senior Payroll Executive,Payroll Executive
Java Full Stack Developer,Java Stack
Sport Events Executive,Sport Events Executive
Customer Care Consultant,Customer Care
Customer Service Officer (Call Centre) 1 Year Contract /  5.5 Days,Customer Service Officer Year Days
Assistant Finance Manager,Finance
Sales Engineer,Sales
Software Engineer - Java (Exchange Platform - Trading Services),Software
Marketing Intern,Marketing Intern
Logistics Manager Global Travel Retail,Logistics Global Travel Retail
CONSTRUCTION MANAGER,Construction
"[Central]| Admin Assistant/Data Entry (Office Hour) | $1,800-$2,200",Central
Test Supporter,Test Supporter
Regional Account Director,Regional Account Director
"HR Manager ( Staff Well-Being Dept / Deg in Social Work , Psychology or Counselling ) #HMN",Staff Well
Blasting/Painting Manager - Middle East Opportunity,Blasting/Painting Manager
Beautician,Beautician
Ocean Freight Export Coordinator | Jurong East| 0707,Ocean Freight Export
Graduate Architect / Architectural Assistant,Graduate Architect Architectural
SALES MANAGER,Sales
Executive ‚Äì Retail Products,Executive Retail Products
Warehouse Assistant,Warehouse
Marine Superintendent (Maritime Industry),Marine Superintendent
Project Executive,Project Executive
Finance Business Partner (Must have FinTech Background),Finance Business Partner
Integrative Training Officer,Integrative Training Officer
Admin Officer,Admin Officer
CONSTRUCTION SUPERVISOR,Construction Supervisor
4301- Pastry Chef De Partie [F&B | Chef],4301
"Sales Manager (Pumps, Seals) / Oil & Gas MNC / West",Sales Oil Gas Mnc West
Cyber Security Engineer (Endpoint),Cyber Security
"Logistics Assistant (Changi, Forklift)",Logistics
Manager ‚Äì Securities Operation,Securities Operation
Pharmacist (Ops+management) #HYS,Pharmacist
M&E Project Director,Project Director
Import Executive,Import Executive
Accounts Executive (Kaki Bukit)**$4500,Accounts Executive
RHEL Systems Engineer,Rhel Systems
CLEANING SUPERVISOR,Cleaning Supervisor
Freight Executive (Air & Sea) - SL,Freight Executive
Software Developer (Java),Software
Assistant Executive,Executive
Database Engineer - Patching and Vulnerability Management,Database
Banking Branch Officer - Client Service Executive,Banking Branch Officer
"Cyber Security Operations (Financial Services) Senior Consultant, Technology Consulting",Cyber Security Operations Technology Consulting
6154 - Marketing Executive ( Adobe Photoshop / Illustrator / Ubi ),6154
Supervisor,Supervisor
Accounts Executive,Accounts Executive
Purchasing Executive (North/ 5.5 days/ Food Trading/ JLPT 1),Purchasing Executive
Cleaning Supervisor,Cleaning Supervisor
Marketing Manager (Retail/FMCG) / Central / Global MNC,Marketing Central Global Mnc
Warehouse Supervisor (Forklift) / Manufacturing Industry / West,Warehouse Supervisor Manufacturing Industry West
"Office Administrator, MNC",Office Administrator Mnc
Head Chef,Head Chef
Software Developer,Software
Delivery Assistant,Delivery
$13 per hour / Temp Customer Service Officer / 4 Months Contract / West,Per Hour Temp Customer Service Officer Months West
MANAGEMENT TRAINEE SERVICE,Management Trainee Service
"Staff Nurse, Palliative / Geriatrics (East, Wards, Locum/Fulltime) #HHM",Staff Nurse Palliative Geriatrics
Admin Assistant (Science Industry) / End of Year Contract / Part time / Central / Global MNC,Admin End Year Central Global Mnc
"Trade Processing/Settlement Officer at Rafflesplace, up to $3000",Trade Officer Rafflesplace
